County Name,Data Type,January,February,March,April,May,June,July,August,September,October
Anderson,Cases Count by County,55215,133466,148877,142644,148385,143764,147685,146775,147122,156136
Andrews,Cases Count by County,19576,46920,53099,53985,56552,55131,57683,61547,72453,85807
Angelina,Cases Count by County,50416,125891,145937,144883,152663,148976,155565,168556,186283,206983
Aransas,Cases Count by County,8429,22961,27497,28176,29747,29301,31818,40602,53772,61484
Archer,Cases Count by County,7751,18675,21054,20551,21452,20880,21686,23180,26777,31822
Armstrong,Cases Count by County,1151,2923,3374,3812,4467,4502,4753,5155,5311,5807
Atascosa,Cases Count by County,39736,107742,127651,127211,134792,133378,140494,159719,183553,203996
Austin,Cases Count by County,15780,41273,50129,52086,55793,54909,58239,64741,73851,83871
Bailey,Cases Count by County,6727,15995,18341,18011,18836,18522,19414,19785,19980,21275
Bandera,Cases Count by County,8689,24626,28816,28819,31102,31195,33104,38313,44550,50315
Bastrop,Cases Count by County,42678,178231,206470,207286,222041,218371,231780,262697,295260,325254
Baylor,Cases Count by County,1328,3324,3794,3750,3906,3815,4029,4266,5216,5939
Bee,Cases Count by County,33390,83389,95047,92998,96495,93995,98611,112298,128628,139412
Bell,Cases Count by County,213383,558233,653899,658003,698461,677396,718756,814925,914600,1026722
Bexar,Cases Count by County,1613610,4405843,5281013,5292825,5653069,5553482,5853869,6631979,7399244,8094071
Blanco,Cases Count by County,3376,15544,17805,17750,18874,18938,20140,22403,25117,27811
Borden,Cases Count by County,140,367,542,660,661,630,659,682,712,872
Bosque,Cases Count by County,10017,35503,40968,40384,42420,41371,43485,47394,51122,55872
Bowie,Cases Count by County,46245,124037,143367,140643,147430,147224,165004,179649,209071,233061
Brazoria,Cases Count by County,289204,739842,893555,906666,961599,942416,998157,1124389,1284287,1441782
Brazos,Cases Count by County,177850,461115,578879,653188,706287,711216,748112,788044,855642,1010926
Brewster,Cases Count by County,10397,22116,25262,24941,25986,25206,25984,26252,25775,27086
Briscoe,Cases Count by County,795,2035,2385,2652,3007,2935,3219,3618,3739,4202
Brooks,Cases Count by County,7250,17734,20256,19939,21132,21245,22527,24147,25331,26978
Brown,Cases Count by County,20969,52259,60402,59251,62173,61578,65610,74378,86717,100181
Burleson,Cases Count by County,11342,49314,57529,57861,61268,60290,63561,68077,72689,80160
Burnet,Cases Count by County,25105,101775,120743,122026,130380,128107,137427,157475,174276,191160
Caldwell,Cases Count by County,31761,133803,154606,154312,164631,161413,170078,188071,201080,217722
Calhoun,Cases Count by County,16408,42997,52083,54133,58984,60330,63449,70261,77535,85372
Callahan,Cases Count by County,6352,16129,18324,18117,18983,18604,19315,21028,23222,26308
Cameron,Cases Count by County,408826,1018032,1176632,1182245,1265656,1251375,1336877,1452876,1527363,1637325
Camp,Cases Count by County,8597,21727,24858,24451,25888,25572,27748,31266,35613,38717
Carson,Cases Count by County,2440,6473,8088,9975,11277,12203,13571,14543,14907,16402
Cass,Cases Count by County,12416,30628,35336,35369,37354,37553,44284,54536,70336,82947
Castro,Cases Count by County,7254,17788,20313,20913,22304,22251,23496,24501,25950,29155
Chambers,Cases Count by County,43662,113081,137662,143440,155644,155384,166659,197173,235040,269123
Cherokee,Cases Count by County,25651,61572,69420,67533,69978,67940,70404,71354,73450,77191
Childress,Cases Count by County,15413,36453,40769,40043,41458,39997,41217,41597,42168,46200
Clay,Cases Count by County,10396,25307,28713,28068,29136,28401,29627,31316,35156,41202
Cochran,Cases Count by County,2459,6062,7036,7540,8142,8165,8560,8919,9814,10941
Coke,Cases Count by County,2624,5943,7194,6664,6992,6750,6975,7235,8231,9176
Coleman,Cases Count by County,5400,13154,14847,14501,15115,14727,15781,17854,18705,21104
Collin,Cases Count by County,714704,1883296,2203493,2189491,2315330,2265391,2382518,2604778,2908409,3212935
Collingsworth,Cases Count by County,2099,5219,6129,7054,7629,7448,7736,8031,8222,8826
Colorado,Cases Count by County,13564,34956,40790,41271,43687,42740,45427,51193,57188,62858
Comal,Cases Count by County,51071,128609,154396,157831,175737,178174,197257,244266,295263,340133
Comanche,Cases Count by County,11177,28595,35758,35083,36421,35461,36959,39902,45282,50779
Concho,Cases Count by County,1689,4252,6330,6958,8096,9579,10724,12012,12634,13176
Cooke,Cases Count by County,32521,82773,95743,94425,99397,97103,101002,107657,115126,127038
Coryell,Cases Count by County,51486,184344,207271,205296,216889,211430,222788,244764,271124,303246
Cottle,Cases Count by County,1610,3813,4390,4290,4433,4290,4453,4653,4850,5402
Crane,Cases Count by County,2359,5691,6278,6079,6334,6238,6565,7045,7477,8440
Crockett,Cases Count by County,2559,6033,6738,6549,6702,6498,6765,7059,7193,7526
Crosby,Cases Count by County,3238,8366,9965,11215,12199,12876,14288,15186,16118,17665
Culberson,Cases Count by County,3597,8824,10124,10042,10440,10144,10482,10539,10454,10993
Dallam,Cases Count by County,5446,15517,24111,24432,25812,25082,25962,26565,27829,30549
Dallas,Cases Count by County,2623687,6682175,7727923,7637187,8036092,7852188,8234574,8825326,9467491,10462930
Dawson,Cases Count by County,19734,47544,53156,51804,53813,52209,54213,55830,60023,65630
Deaf Smith,Cases Count by County,22360,54098,61983,62263,65925,65577,68738,71263,71525,76298
Delta,Cases Count by County,1572,4525,5414,5352,5672,5704,6432,7365,9272,10635
Denton,Cases Count by County,484919,1281297,1604851,1619787,1715849,1683641,1767354,1898887,2074885,2356433
DeWitt,Cases Count by County,19749,50763,58419,56996,59833,59053,62267,66430,81551,91416
Dickens,Cases Count by County,1092,2661,3108,3305,3593,3452,3695,3903,3991,4257
Dimmit,Cases Count by County,12341,35460,43394,49103,57647,61261,71588,84910,89597,95377
Donley,Cases Count by County,1764,4625,5433,5893,6547,6428,6689,6955,7244,7917
Duval,Cases Count by County,12016,29354,33206,33045,35055,34399,36284,41219,45086,49005
Eastland,Cases Count by County,9130,24003,28528,28065,29392,28629,29829,33228,39349,45733
Ector,Cases Count by County,82719,223136,263108,259046,275393,269799,284556,317043,352525,389766
Edwards,Cases Count by County,2279,5509,6157,5970,6241,6146,6265,6415,6778,7410
Ellis,Cases Count by County,188822,486897,566265,561012,587602,573911,591500,634953,712697,805661
El Paso,Cases Count by County,1329475,3337575,3937005,3958273,4194739,4091264,4253074,4341054,4305779,4560618
Erath,Cases Count by County,29450,74021,84919,84354,88262,86174,90144,99967,116064,132094
Falls,Cases Count by County,15605,51101,57291,55646,58695,57046,58865,61303,64255,70679
Fannin,Cases Count by County,26973,68660,79220,77866,80932,78061,80657,84556,89384,98861
Fayette,Cases Count by County,10295,38079,45490,47384,50832,49764,52656,58099,62248,66744
Fisher,Cases Count by County,3317,8102,8997,8831,9329,9171,9536,10531,11568,12844
Floyd,Cases Count by County,3403,8597,10057,10794,11906,11946,12607,13904,15069,17503
Foard,Cases Count by County,766,2278,2697,2610,2702,2640,2739,3181,4002,4388
Fort Bend,Cases Count by County,507822,1342822,1640193,1678855,1804877,1782760,1876910,2075391,2309842,2594022
Franklin,Cases Count by County,5001,12987,15309,14931,15738,15930,18056,19917,23636,26914
Freestone,Cases Count by County,8251,30644,32591,32117,34355,33785,35085,38796,44924,50012
Frio,Cases Count by County,22319,56715,65957,65624,70457,70170,72616,80147,84619,93822
Gaines,Cases Count by County,16269,39292,43870,42802,44754,43799,45630,48768,57204,65342
Galveston,Cases Count by County,306653,797074,960133,977745,1052494,1041971,1112320,1303312,1498078,1657033
Garza,Cases Count by County,2322,5746,6849,7393,7973,8186,8918,9282,9701,11093
Gillespie,Cases Count by County,18169,45054,51627,50760,53869,54088,56854,60755,64330,70616
Glasscock,Cases Count by County,497,1023,1184,1222,1271,1240,1271,1339,1445,1527
Goliad,Cases Count by County,2792,7541,8732,8379,8824,8598,8975,9563,10127,11253
Gonzales,Cases Count by County,24042,62207,71549,70383,73713,72117,74660,78301,82025,88230
Gray,Cases Count by County,18790,46417,53534,57389,61726,62857,67416,70143,72984,78877
Grayson,Cases Count by County,112710,291349,339473,335035,350697,341064,357676,387686,427348,494383
Gregg,Cases Count by County,63046,160174,184852,181758,191026,187419,197215,218709,247301,277147
Grimes,Cases Count by County,20532,84570,98123,97317,103974,102201,108041,120610,130296,141624
Guadalupe,Cases Count by County,100526,272544,319588,320420,345396,348631,373659,425931,479642,537811
Hale,Cases Count by County,69420,167241,187873,182790,190006,185051,192630,201627,217681,241523
Hall,Cases Count by County,3450,8803,10121,10608,11354,11731,12237,12478,12393,13068
Hamilton,Cases Count by County,6527,19011,21690,21196,22256,21764,23532,26628,31664,36072
Hansford,Cases Count by County,3949,9894,11475,11546,12134,11962,12603,12672,12567,13663
Hardeman,Cases Count by County,3299,8450,9642,9446,10009,9763,10135,10616,10921,11919
Hardin,Cases Count by County,26649,65674,76944,78639,84812,85016,90371,95504,113887,129776
Harris,Cases Count by County,3606954,9366972,11310278,11530988,12292435,12077839,12656374,14163805,15872704,17589741
Harrison,Cases Count by County,24306,63583,73716,72954,77462,78259,91652,103488,119450,134172
Hartley,Cases Count by County,3750,10270,15351,15505,16479,16464,17223,17895,18583,20251
Haskell,Cases Count by County,2152,5392,6102,6000,6204,6236,6541,6627,6757,7730
Hays,Cases Count by County,171110,439829,518841,530483,578710,569264,605419,709480,812249,903778
Hemphill,Cases Count by County,5544,13965,15638,15642,16689,16217,16897,17283,17712,19336
Henderson,Cases Count by County,38771,100050,116732,115286,122228,119966,126456,143278,171113,194835
Hidalgo,Cases Count by County,504357,1334988,1666757,1720072,1833347,1809683,1910475,1997972,2008946,2113551
Hill,Cases Count by County,24151,100086,114115,112492,117617,114553,119476,124918,130523,141059
Hockley,Cases Count by County,22487,55996,64806,70077,75777,77390,83137,88799,96432,107834
Hood,Cases Count by County,43652,111823,130197,128356,134399,131001,138226,149563,164378,181828
Hopkins,Cases Count by County,16113,40903,47796,47578,50500,50962,59979,68538,81391,94575
Houston,Cases Count by County,9436,23573,26993,26533,29287,28380,32317,34487,37925,41353
Howard,Cases Count by County,33458,82798,92758,90346,94088,91335,94717,96387,96599,102117
Hudspeth,Cases Count by County,5459,11630,13238,13080,14148,13812,14326,14605,14480,15124
Hunt,Cases Count by County,56798,145197,166307,163299,160161,157440,167227,188709,225769,259128
Hutchinson,Cases Count by County,10979,28645,34457,42713,47892,52636,59653,65142,71690,83963
Irion,Cases Count by County,474,1257,1518,1560,1612,1560,1612,1726,1759,1881
Jack,Cases Count by County,5829,14446,16260,15606,16151,15391,15774,17502,19890,23919
Jackson,Cases Count by County,15483,39445,45302,45453,48748,48187,50401,55391,64620,72647
Jasper,Cases Count by County,9728,24908,28885,28968,30644,30380,32336,36221,41672,47088
Jeff Davis,Cases Count by County,1313,3494,4519,4482,4670,4530,4716,4743,4618,4911
Jefferson,Cases Count by County,198910,496027,575935,576589,610758,599375,644603,737130,867965,971924
Jim Hogg,Cases Count by County,6057,15629,17753,17292,17976,17567,18248,18544,18632,19504
Jim Wells,Cases Count by County,37499,94319,109812,108854,115298,113346,119988,139567,160607,175851
Johnson,Cases Count by County,168395,434463,505093,498940,520134,508645,531986,569088,616503,694551
Jones,Cases Count by County,24623,57848,63913,59587,59197,56762,57970,60564,61573,67959
Karnes,Cases Count by County,16958,42984,49770,52485,58495,61208,69675,83148,92559,105079
Kaufman,Cases Count by County,130646,340454,399110,394888,416068,407556,427348,465417,520833,583659
Kendall,Cases Count by County,15092,42090,50456,50299,54208,54385,57959,66661,75546,85867
Kenedy,Cases Count by County,192,465,534,556,620,600,628,753,913,992
Kent,Cases Count by County,408,979,1181,1230,1271,1230,1271,1375,1358,1442
Kerr,Cases Count by County,23027,58722,67877,66984,72705,74667,79481,86977,93443,105765
Kimble,Cases Count by County,2335,5581,6396,6220,6554,6766,7145,7934,8352,8809
King,Cases Count by County,82,195,155,151,155,150,155,155,166,253
Kinney,Cases Count by County,3503,9017,10046,9803,10290,10029,10391,10820,12000,13647
Kleberg,Cases Count by County,19442,49200,56937,57188,60554,59258,62468,73422,84034,91885
Knox,Cases Count by County,1871,4748,5315,5147,5329,5183,5403,5448,5416,6288
Lamar,Cases Count by County,28439,70189,80843,79499,82855,81452,85240,88556,94827,106175
Lamb,Cases Count by County,17106,42146,48362,51823,56248,57139,60474,63882,66999,71334
Lampasas,Cases Count by County,10864,46302,54396,54221,57406,56066,59562,68629,81846,91295
La Salle,Cases Count by County,7457,18794,27218,27185,28160,26467,27115,27785,29035,30863
Lavaca,Cases Count by County,20727,50961,58436,58457,61775,60767,63150,65616,67477,71593
Lee,Cases Count by County,6141,25268,30218,29980,31756,31127,32665,35643,38580,43070
Leon,Cases Count by County,8050,33078,38122,37778,39555,38437,40253,44446,50512,56329
Liberty,Cases Count by County,53277,143712,172580,173345,186888,183455,194644,221031,261712,290891
Limestone,Cases Count by County,14397,55714,64671,63204,66700,65038,68332,72728,74849,80264
Lipscomb,Cases Count by County,2910,7454,8592,8859,9585,9471,9815,9974,9888,10567
Live Oak,Cases Count by County,9526,23494,26783,26043,27182,26400,27531,30630,35334,39737
Llano,Cases Count by County,7034,28455,34249,34598,36815,35933,38490,44640,50260,56432
Loving,Cases Count by County,12,28,31,30,31,30,52,76,139,155
Lubbock,Cases Count by County,555817,1335154,1499483,1461714,1523347,1482831,1547172,1655577,1827887,2009585
Lynn,Cases Count by County,7052,16904,18894,18500,19219,18760,19515,20311,22628,25602
McCulloch,Cases Count by County,4359,10481,12319,12248,12791,12467,13065,13688,15144,16897
McLennan,Cases Count by County,273127,675656,793819,794773,844925,829688,869951,963594,1141814,1290533
McMullen,Cases Count by County,692,1690,1966,1920,1993,1961,2057,2269,2508,2827
Madison,Cases Count by County,12210,45655,51838,50904,53257,51739,53919,57291,60420,65080
Marion,Cases Count by County,3566,9116,10511,10365,10901,11087,13241,14687,17809,20678
Martin,Cases Count by County,3908,9878,11189,10713,10953,10711,11258,12187,12939,13910
Mason,Cases Count by County,2572,6292,7550,7245,7492,7412,7622,7734,7829,8590
Matagorda,Cases Count by County,28986,74697,89022,95379,106672,105647,111166,121640,140786,154996
Maverick,Cases Count by County,105868,277705,318422,311733,323728,324467,334828,351345,361726,383862
Medina,Cases Count by County,31797,92460,114577,112654,118640,108352,108680,121621,134353,147524
Menard,Cases Count by County,1597,3903,4409,4260,4402,4268,4438,4903,5107,5478
Midland,Cases Count by County,173852,447620,517863,514136,543611,532615,555950,594779,689299,780876
Milam,Cases Count by County,13613,35655,42182,42131,44921,44105,46935,53078,58872,64166
Mills,Cases Count by County,4319,15371,18126,17716,18425,17871,18526,19723,20969,22928
Mitchell,Cases Count by County,6654,16068,18350,17991,18753,18267,19013,20890,24811,27901
Montague,Cases Count by County,18547,46367,53398,52465,54633,53437,56016,60635,69323,79636
Montgomery,Cases Count by County,372815,989024,1193440,1232346,1334333,1321690,1398327,1600606,1872008,2084920
Moore,Cases Count by County,22436,53268,60954,62082,68872,67720,70511,72646,72768,77398
Morris,Cases Count by County,5846,15248,17612,17221,18120,18153,20393,23441,27639,31233
Motley,Cases Count by County,405,970,1136,1433,1688,1688,1784,1862,1848,2061
Nacogdoches,Cases Count by County,33986,85472,100475,100237,105804,106608,123821,133925,151617,171042
Navarro,Cases Count by County,38329,93336,105276,102850,107477,104498,108864,115533,122447,132099
Newton,Cases Count by County,2944,7635,8823,8886,9347,9274,9699,10259,11447,12654
Nolan,Cases Count by County,17291,41472,46841,45802,47724,46408,48450,52462,65490,75404
Nueces,Cases Count by County,286649,707288,807350,802360,848487,832895,877111,1032991,1199007,1292805
Ochiltree,Cases Count by County,10643,25596,29018,29508,31805,31225,32768,34126,35146,39766
Oldham,Cases Count by County,1121,2935,3629,3981,4476,4675,4889,4983,4991,5500
Orange,Cases Count by County,41758,103786,121737,121800,129373,128212,134924,141288,152197,166939
Palo Pinto,Cases Count by County,26094,65547,75440,74366,77459,75404,79549,88187,108931,124682
Panola,Cases Count by County,10087,25600,29676,29210,30793,31374,37149,41962,46384,50624
Parker,Cases Count by County,123347,320027,374404,368564,387430,380104,403949,445294,501860,571868
Parmer,Cases Count by County,9680,22989,26360,26783,28103,27604,29038,29708,30247,31953
Pecos,Cases Count by County,13359,32580,39314,39986,42993,41636,43130,44471,48636,55001
Polk,Cases Count by County,15178,37286,43293,43123,46925,46711,49998,59867,68749,78141
Potter,Cases Count by County,194973,467162,528119,517497,540842,528017,553263,594996,646938,713303
Presidio,Cases Count by County,7101,16991,19608,19224,19892,19243,19934,20146,19945,20663
Rains,Cases Count by County,3916,10335,12098,11928,12660,12451,13452,15500,18882,22452
Randall,Cases Count by County,185914,448108,506409,496889,521099,509661,536024,585648,646650,719382
Reagan,Cases Count by County,2284,5381,6078,5925,6138,5910,6090,6561,6826,7208
Real,Cases Count by County,3058,7496,8432,8227,8596,8420,8712,9535,10611,12105
Red River,Cases Count by County,4316,10719,12375,12047,12761,12807,15428,16625,18878,21566
Reeves,Cases Count by County,10708,27484,31089,30427,32496,32081,34346,37456,39779,45473
Refugio,Cases Count by County,6155,15201,17582,17221,18212,17990,18931,22846,26107,28307
Roberts,Cases Count by County,592,1440,1672,1680,1753,1738,1830,1917,2161,2449
Robertson,Cases Count by County,9906,43767,50534,49988,53426,53193,57136,61529,66910,72831
Rockwall,Cases Count by County,89527,234119,276099,274758,288526,282555,297653,329016,368726,416063
Runnels,Cases Count by County,8540,21202,23945,23414,24473,23825,24796,26152,27933,29959
Rusk,Cases Count by County,22030,56948,66644,66009,70421,70388,81333,93867,121819,139974
Sabine,Cases Count by County,2004,4676,5177,5010,5177,5010,5473,10237,11174,12475
San Augustine,Cases Count by County,3828,9071,10128,9865,10309,10143,10639,11688,12638,14220
San Jacinto,Cases Count by County,6155,18868,24001,25253,28212,28894,32049,40200,51543,58885
San Patricio,Cases Count by County,33137,83484,97081,97206,102659,100799,106765,121527,144787,161409
San Saba,Cases Count by County,4698,15774,16974,15987,16302,15713,16206,16984,17388,20038
Schleicher,Cases Count by County,1362,3300,3747,3662,3873,3754,3957,4452,5158,5593
Scurry,Cases Count by County,28152,84675,71478,69784,72563,70265,72980,78006,87040,93681
Shackelford,Cases Count by County,1367,3481,3914,3870,4101,3990,4142,4396,4677,5377
Shelby,Cases Count by County,9548,23811,27496,27588,29077,29558,37704,40994,46478,51395
Sherman,Cases Count by County,1244,3364,5431,5608,6023,5938,6171,6457,6683,7080
Smith,Cases Count by County,114310,296677,345736,345903,366911,359578,380064,444816,531578,620961
Somervell,Cases Count by County,6360,15825,18044,17603,18302,17768,18584,20206,21920,25013
Starr,Cases Count by County,77729,200728,233207,230949,241701,236006,246087,257001,264404,281659
Stephens,Cases Count by County,4934,11548,12961,12971,14127,13626,13945,14226,18260,20360
Sterling,Cases Count by County,528,1284,1484,1471,1577,1530,1604,1928,2229,2394
Stonewall,Cases Count by County,576,1344,1509,1470,1519,1470,1519,1565,1553,1624
Sutton,Cases Count by County,3065,7341,8550,8498,8527,8271,8585,8989,9393,9760
Swisher,Cases Count by County,4396,10815,12431,12977,14186,14504,15062,15810,20045,29351
Tarrant,Cases Count by County,2151051,5576536,6491293,6411481,6732476,6573015,6895878,7410391,8138201,9127924
Taylor,Cases Count by County,76360,191630,219475,215278,226831,220894,230751,246183,258048,291710
Terrell,Cases Count by County,806,1803,1969,1946,2002,1920,2025,2138,2083,2197
Terry,Cases Count by County,18808,46533,52146,50651,52485,51047,52841,54807,58215,63885
Throckmorton,Cases Count by County,522,1360,1541,1500,1550,1500,1550,1584,1601,1768
Titus,Cases Count by County,29444,72798,82981,80955,84645,84605,99001,103644,110834,120464
Tom Green,Cases Count by County,53115,126991,142431,138979,144376,140250,146305,157649,170389,184681
Travis,Cases Count by County,785452,2041354,2403744,2422977,2578405,2526401,2668894,2977732,3310167,3651296
Trinity,Cases Count by County,4793,12634,15129,15298,16745,17391,19585,22865,28671,32837
Tyler,Cases Count by County,5647,14020,16640,17314,18260,18399,19592,23880,28942,31416
Upshur,Cases Count by County,13135,34864,40465,39844,41877,41832,46544,52619,61858,69505
Upton,Cases Count by County,762,1930,2195,2113,2145,2070,2200,2483,2629,2982
Uvalde,Cases Count by County,34694,91038,104082,102703,106892,104162,113487,134903,161029,181774
Val Verde,Cases Count by County,81928,210586,240034,234520,243879,238392,249133,271753,299903,325774
Van Zandt,Cases Count by County,24700,66352,78344,78111,83326,81953,87233,100220,120742,142310
Victoria,Cases Count by County,84797,214982,248233,250083,274825,275665,292496,330146,371508,402575
Walker,Cases Count by County,82463,208457,237349,234754,244466,237099,244023,261475,292269,316970
Waller,Cases Count by County,30550,81107,98094,100704,108433,104713,110363,124152,143066,161240
Ward,Cases Count by County,7245,17807,20912,20901,22094,21707,22649,25238,32327,38475
Washington,Cases Count by County,15667,82322,95949,96679,103424,103190,110406,119121,129480,143969
Webb,Cases Count by County,457391,1171384,1330758,1300862,1358248,1328915,1390695,1477451,1537034,1633574
Wharton,Cases Count by County,34829,90621,106653,106761,114120,112544,118262,129721,146623,164523
Wheeler,Cases Count by County,4817,11826,13627,13985,15059,15074,15738,16469,17468,19147
Wichita,Cases Count by County,164017,400548,456054,446657,466738,455287,477249,514327,584688,667634
Wilbarger,Cases Count by County,17866,43331,49469,48312,50340,49112,50722,51703,52912,59557
Willacy,Cases Count by County,23131,60571,72096,73498,86449,86526,94859,107323,116906,128429
Williamson,Cases Count by County,355085,950298,1125756,1137751,1220329,1197184,1264680,1476166,1735832,1977096
Wilson,Cases Count by County,30014,83087,97789,96919,103848,105168,111411,127263,148085,164622
Winkler,Cases Count by County,5933,14486,16913,17000,17794,17345,18116,19463,21931,27563
Wise,Cases Count by County,60456,157667,183018,180111,188650,185203,197332,216973,252462,284293
Wood,Cases Count by County,19216,50446,59133,58591,61657,60415,64251,73946,91711,107716
Yoakum,Cases Count by County,10026,23983,26766,26071,27056,26301,27214,29310,32608,36497
Young,Cases Count by County,19902,51067,58793,57460,60022,58487,60950,64210,67965,76190
Zapata,Cases Count by County,15635,41245,47867,46792,48838,47640,49640,50409,49685,51804
Zavala,Cases Count by County,15807,43256,50457,49282,51461,50633,53120,56859,61118,66159
Anderson,Cumulative Tests Average,48508,52924,57308,61842,65879,69349,72846,79966,90278,100260
Andrews,Cumulative Tests Average,5265,5877,6424,7023,7524,7786,8221,8896,9739,10554
Angelina,Cumulative Tests Average,53841,65244,75136,84467,94379,98934,103310,112050,127841,139666
Aransas,Cumulative Tests Average,10156,12299,14176,15816,16996,17986,19788,22656,25907,28551
Archer,Cumulative Tests Average,2840,3429,3740,3954,4133,4261,4358,4606,5234,5875
Armstrong,Cumulative Tests Average,692,873,1012,1147,1262,1306,1441,1871,2070,2311
Atascosa,Cumulative Tests Average,31412,46284,53722,63380,71618,75897,78361,83980,94309,104771
Austin,Cumulative Tests Average,13680,16280,18212,20117,22587,23728,24666,26466,29426,31991
Bailey,Cumulative Tests Average,1935,2098,2257,2427,2604,2767,2872,2992,3262,3521
Bandera,Cumulative Tests Average,7691,9535,11053,12512,13596,14382,15154,16495,18515,20349
Bastrop,Cumulative Tests Average,45593,56481,63366,70328,76928,81880,86103,96169,111869,123107
Baylor,Cumulative Tests Average,1635,1907,2148,2258,2341,2380,2436,2867,4701,5446
Bee,Cumulative Tests Average,32698,37851,41561,45113,48304,51455,54376,61639,69243,74976
Bell,Cumulative Tests Average,198044,230516,251936,275613,297993,314188,332103,361975,406758,448061
Bexar,Cumulative Tests Average,1241819,1688079,1930924,2290767,2601854,2832136,2966213,3232498,3684248,4107223
Blanco,Cumulative Tests Average,4607,5637,6185,6724,7293,7724,8078,8750,10248,11509
Borden,Cumulative Tests Average,128,152,174,193,210,219,230,244,261,283
Bosque,Cumulative Tests Average,10991,12180,13130,13931,14502,14934,15439,16465,18215,19855
Bowie,Cumulative Tests Average,61355,69588,76813,82740,86814,90102,93838,100977,113302,121883
Brazoria,Cumulative Tests Average,249306,295125,334111,371302,411750,436410,458142,502848,568562,619525
Brazos,Cumulative Tests Average,184417,220912,246528,271612,291990,304583,316427,340620,405362,446054
Brewster,Cumulative Tests Average,8025,8838,9486,9935,10227,10312,10408,10716,11332,12058
Briscoe,Cumulative Tests Average,592,684,757,816,866,906,952,1054,1185,1328
Brooks,Cumulative Tests Average,12148,14771,17016,19754,23104,25233,25933,27091,29407,31699
Brown,Cumulative Tests Average,25293,30284,33176,36536,38799,40962,43200,48059,57341,62982
Burleson,Cumulative Tests Average,10961,13815,15714,17428,19224,20353,21471,23012,26536,29483
Burnet,Cumulative Tests Average,26177,31478,35310,38930,42377,44984,47452,52071,59244,65449
Caldwell,Cumulative Tests Average,26783,33449,37151,40716,44251,46864,48904,53734,63652,70339
Calhoun,Cumulative Tests Average,12549,15725,17544,19327,20717,21769,23466,25973,30613,33515
Callahan,Cumulative Tests Average,7126,8737,9906,10787,11462,11901,12144,12784,14653,16183
Cameron,Cumulative Tests Average,210596,252217,287714,320783,352477,375023,400528,439159,487478,523128
Camp,Cumulative Tests Average,5556,6753,7570,8126,8565,8923,9344,10070,11519,12392
Carson,Cumulative Tests Average,1943,2375,2728,3019,3309,3478,3633,3872,4241,4644
Cass,Cumulative Tests Average,14274,16350,17872,19210,20205,20954,21863,24134,28166,30807
Castro,Cumulative Tests Average,4553,5217,5769,6237,6570,6834,7012,7578,8475,9419
Chambers,Cumulative Tests Average,7235,8384,9257,10204,11256,11864,12324,13514,15523,16554
Cherokee,Cumulative Tests Average,22424,26569,29572,32852,36040,38055,40145,45625,53208,58996
Childress,Cumulative Tests Average,5649,6593,7284,7911,8449,8928,9249,9629,10277,11223
Clay,Cumulative Tests Average,4136,5006,5739,6284,6645,6815,7161,7929,9231,10514
Cochran,Cumulative Tests Average,862,960,1037,1116,1203,1257,1281,1369,1594,1754
Coke,Cumulative Tests Average,2752,3324,3603,3740,3902,3973,4085,4424,5240,5866
Coleman,Cumulative Tests Average,4326,5082,5697,5988,6220,6391,6610,7078,7876,8475
Collin,Cumulative Tests Average,751729,901486,996765,1083486,1165830,1231572,1297270,1402885,1582060,1724995
Collingsworth,Cumulative Tests Average,1712,2098,2399,2709,2886,3032,3130,3301,3636,4092
Colorado,Cumulative Tests Average,11706,13521,15118,16572,18357,19019,19841,21394,24133,26587
Comal,Cumulative Tests Average,81725,101364,114574,127778,139943,148785,157808,173856,196147,216203
Comanche,Cumulative Tests Average,7387,8159,8681,9279,9643,9940,10328,11323,13317,15049
Concho,Cumulative Tests Average,2121,2505,2828,3066,3272,3342,3421,3957,4857,5224
Cooke,Cumulative Tests Average,22617,25972,28092,29752,31183,32250,33315,35482,39357,42310
Coryell,Cumulative Tests Average,70264,78582,85958,92621,98254,103317,108396,117925,132902,145607
Cottle,Cumulative Tests Average,1106,1249,1395,1505,1597,1655,1696,1756,1861,1990
Crane,Cumulative Tests Average,4012,4913,5457,5655,5824,5926,6505,6890,7667,8434
Crockett,Cumulative Tests Average,2162,2637,2800,2893,2981,3102,3789,4159,4735,5110
Crosby,Cumulative Tests Average,3240,3604,3896,4140,4383,4535,4669,5049,5683,6205
Culberson,Cumulative Tests Average,1818,2102,2258,2326,2389,2426,2472,2548,2755,2897
Dallam,Cumulative Tests Average,1815,2451,3048,3491,3912,4299,4574,4802,5315,6061
Dallas,Cumulative Tests Average,1861287,2210530,2428467,2627032,2805789,2942150,3077876,3333086,3714238,4032537
Dawson,Cumulative Tests Average,8318,9245,10010,10817,11566,12213,12763,13417,14827,16051
DeWitt,Cumulative Tests Average,8219,9807,10908,11892,12830,13460,14115,15868,18969,20639
Deaf Smith,Cumulative Tests Average,5687,6577,7412,8166,8849,9256,9673,10267,11132,12238
Delta,Cumulative Tests Average,2246,2626,2858,3046,3236,3358,3542,4014,4749,5282
Denton,Cumulative Tests Average,476604,586827,654049,713343,763217,801981,842871,910198,1016165,1106959
Dickens,Cumulative Tests Average,645,725,801,865,923,950,981,1062,1260,1440
Dimmit,Cumulative Tests Average,6592,9413,12242,17345,27846,39263,51699,58360,61183,62924
Donley,Cumulative Tests Average,1638,1934,2189,2386,2542,2651,2749,2925,3308,3882
Duval,Cumulative Tests Average,15711,18557,20579,22396,24244,25337,26510,29289,33059,35838
Eastland,Cumulative Tests Average,6058,7315,8154,8825,9331,9714,10113,11103,13153,14779
Ector,Cumulative Tests Average,61422,69813,77003,83232,88755,92106,96340,104671,120408,132336
Edwards,Cumulative Tests Average,1201,1409,1461,1510,1580,1700,1821,1929,2126,2224
El Paso,Cumulative Tests Average,726914,879330,1027340,1155055,1280149,1366743,1409350,1499783,1591811,1672998
Ellis,Cumulative Tests Average,128305,153335,172304,185259,196810,205794,215312,231611,259985,281938
Erath,Cumulative Tests Average,17664,21057,24052,26671,28605,29948,31652,34709,40178,43897
Falls,Cumulative Tests Average,11611,12983,14930,15960,16876,17753,18469,19742,22034,24275
Fannin,Cumulative Tests Average,21360,25937,29028,31611,34199,35940,37807,41218,46187,51158
Fayette,Cumulative Tests Average,12082,14059,15699,17553,19294,20253,21045,23024,25937,27754
Fisher,Cumulative Tests Average,1319,1501,1601,1706,1776,1834,1873,1953,2133,2265
Floyd,Cumulative Tests Average,2180,2429,2651,2876,3119,3314,3435,3765,4250,4748
Foard,Cumulative Tests Average,837,1054,1194,1265,1325,1359,1385,1442,1594,1906
Fort Bend,Cumulative Tests Average,480522,580666,651326,719657,794783,842649,886256,965473,1082781,1179185
Franklin,Cumulative Tests Average,4154,4831,5322,5650,5946,6190,6450,6889,7741,8397
Freestone,Cumulative Tests Average,13628,16163,18349,20238,22184,23888,25157,28297,32492,36561
Frio,Cumulative Tests Average,12183,15063,16953,18574,20316,22057,24672,28065,31967,36155
Gaines,Cumulative Tests Average,3570,3879,4212,4542,4879,5110,5319,5722,6376,6901
Galveston,Cumulative Tests Average,266510,308009,349749,385571,426085,452887,479328,528083,593478,639774
Garza,Cumulative Tests Average,2332,2760,3118,3396,3653,3880,4095,4492,4932,5230
Gillespie,Cumulative Tests Average,15049,17273,18502,19632,20572,21308,22227,24342,27499,29912
Glasscock,Cumulative Tests Average,164,192,212,232,247,257,287,314,367,418
Goliad,Cumulative Tests Average,3071,3769,4345,4733,5054,5264,5621,6234,7292,8023
Gonzales,Cumulative Tests Average,12116,14306,15997,18017,18971,19579,20804,22164,23830,25673
Gray,Cumulative Tests Average,7583,9009,10083,11249,12149,12779,13409,14509,17281,19751
Grayson,Cumulative Tests Average,83148,100669,112253,120946,129423,135092,141229,151535,168847,193689
Gregg,Cumulative Tests Average,53188,62841,69065,73711,78103,81505,85347,94858,111738,122522
Grimes,Cumulative Tests Average,20323,25164,29711,34209,39031,42572,45486,49549,55661,61000
Guadalupe,Cumulative Tests Average,61299,78752,89283,103112,113742,120955,127520,140026,158469,174685
Hale,Cumulative Tests Average,12036,13594,15349,17475,19512,21111,22170,24663,28758,32461
Hall,Cumulative Tests Average,2505,2930,3193,3377,3555,3692,3779,3875,4079,4432
Hamilton,Cumulative Tests Average,4639,5573,6277,6977,7595,7988,8392,9446,11583,12841
Hansford,Cumulative Tests Average,2593,3190,3538,3753,3946,4064,4200,4422,4930,5486
Hardeman,Cumulative Tests Average,1923,2312,2554,2767,2950,3095,3175,3316,3746,4434
Hardin,Cumulative Tests Average,20355,24779,28201,32341,35781,38076,42112,47868,57393,62653
Harris,Cumulative Tests Average,2995737,3614731,4059037,4495584,4943137,5224180,5521608,6005514,6720041,7287633
Harrison,Cumulative Tests Average,56163,65134,70642,75124,78400,81619,85312,93838,105039,113592
Hartley,Cumulative Tests Average,161,214,258,279,309,330,349,374,409,452
Haskell,Cumulative Tests Average,1988,2373,2571,2733,2867,2983,3130,3354,3767,4290
Hays,Cumulative Tests Average,170588,213429,239682,266188,290858,306546,320513,353041,404345,445245
Hemphill,Cumulative Tests Average,1038,1312,1430,1496,1571,1635,1671,1720,1852,2004
Henderson,Cumulative Tests Average,26690,30920,34383,37356,40058,42070,44581,51274,60945,68107
Hidalgo,Cumulative Tests Average,387735,469625,542479,617072,691879,748749,801169,879469,991953,1076920
Hill,Cumulative Tests Average,31205,34856,37382,39488,41286,42326,44025,46359,50647,54671
Hockley,Cumulative Tests Average,8558,9571,10485,11366,12258,12840,13215,14376,16926,18993
Hood,Cumulative Tests Average,40418,47861,52507,56662,60070,62897,66718,74067,82895,89181
Hopkins,Cumulative Tests Average,16153,18919,20694,22105,24274,25299,26979,29452,33322,36713
Houston,Cumulative Tests Average,14150,15928,17459,18901,20288,21059,22371,23932,26566,28646
Howard,Cumulative Tests Average,14397,17679,19911,21437,22766,23645,25166,26653,29805,34683
Hudspeth,Cumulative Tests Average,2449,3021,3384,3606,3767,3858,3943,4143,4448,4649
Hunt,Cumulative Tests Average,63061,76028,83627,90436,97126,101226,106829,119913,139791,156324
Hutchinson,Cumulative Tests Average,9475,11490,12779,13761,14784,15353,15986,17119,19166,21307
Irion,Cumulative Tests Average,462,568,644,689,721,746,769,848,1031,1146
Jack,Cumulative Tests Average,1558,1903,2187,2521,2844,3236,3588,4019,4669,5433
Jackson,Cumulative Tests Average,6293,7326,8327,9073,9656,10051,10514,11854,14023,15495
Jasper,Cumulative Tests Average,14038,16605,18654,20717,22660,24065,25887,29308,34982,39691
Jeff Davis,Cumulative Tests Average,1516,1854,2038,2094,2131,2142,2158,2193,2249,2302
Jefferson,Cumulative Tests Average,152459,175530,193320,210811,226125,237071,246299,264658,294481,317058
Jim Hogg,Cumulative Tests Average,9646,14762,16692,17517,18172,18589,18804,20172,24861,27561
Jim Wells,Cumulative Tests Average,49672,59140,65564,70768,75511,78350,80839,88677,99316,107454
Johnson,Cumulative Tests Average,99152,117779,128905,138529,147145,153669,161844,175410,196008,215822
Jones,Cumulative Tests Average,6446,7745,8523,9232,10071,10758,11445,12518,14693,16599
Karnes,Cumulative Tests Average,13228,15804,17715,19665,21457,23136,24015,26062,29686,31940
Kaufman,Cumulative Tests Average,86185,103742,115316,124853,133988,141007,148025,161814,184872,203459
Kendall,Cumulative Tests Average,20502,26092,30210,34231,37288,39697,41966,46418,52990,58386
Kenedy,Cumulative Tests Average,170,200,218,246,277,290,303,328,364,382
Kent,Cumulative Tests Average,440,509,577,641,685,713,770,818,914,1131
Kerr,Cumulative Tests Average,36481,43293,47662,51595,54376,56522,58852,63685,71727,79359
Kimble,Cumulative Tests Average,1631,1798,1896,2025,2190,2336,2432,2663,3007,3263
King,Cumulative Tests Average,54,65,69,73,77,79,81,90,100,114
Kinney,Cumulative Tests Average,1566,1978,2135,2292,2450,2570,2677,2862,3438,3760
Kleberg,Cumulative Tests Average,26592,31725,35100,37920,40100,41488,42838,47287,53424,56323
Knox,Cumulative Tests Average,2197,2661,3091,3279,3380,3432,3481,3686,4389,5624
La Salle,Cumulative Tests Average,5984,6820,7365,7942,8352,8688,9055,9642,11003,12394
Lamar,Cumulative Tests Average,20059,23442,26551,28686,30165,31347,33291,36349,42293,46595
Lamb,Cumulative Tests Average,7600,8687,9668,10505,11220,11702,12338,13447,14998,16053
Lampasas,Cumulative Tests Average,14369,17170,19189,20866,22429,23482,24517,26870,30860,33387
Lavaca,Cumulative Tests Average,10644,12631,13977,15529,16913,17879,19229,21084,24421,27063
Lee,Cumulative Tests Average,7494,9238,10327,11251,12213,12895,13367,14200,15788,17251
Leon,Cumulative Tests Average,8321,9840,10957,12049,13221,14010,14659,16090,18836,20774
Liberty,Cumulative Tests Average,41389,50700,56600,62171,68707,73273,77525,84689,96488,104569
Limestone,Cumulative Tests Average,24245,30305,34725,38236,41503,44120,45405,48844,56071,62521
Lipscomb,Cumulative Tests Average,300,447,517,641,809,847,888,939,1013,1156
Live Oak,Cumulative Tests Average,4754,5760,6500,7045,7636,8110,8603,10501,13046,14954
Llano,Cumulative Tests Average,8393,9692,11323,12492,13557,14398,15180,16773,19007,20909
Loving,Cumulative Tests Average,25,28,32,40,51,55,58,68,79,84
Lubbock,Cumulative Tests Average,231816,257573,280137,299242,316546,328158,338486,363341,410092,445053
Lynn,Cumulative Tests Average,3550,4118,4646,5215,5662,5935,6160,6553,7256,7819
Madison,Cumulative Tests Average,10863,12263,13586,14780,16070,17006,17730,19067,20932,22687
Marion,Cumulative Tests Average,2894,3824,4491,4946,5252,5436,5732,6223,7059,7756
Martin,Cumulative Tests Average,1439,1638,1799,1951,2098,2197,2329,2516,2834,3082
Mason,Cumulative Tests Average,1844,2080,2264,2398,2583,2743,2852,3016,3389,3800
Matagorda,Cumulative Tests Average,22705,28609,32126,35571,39165,40689,42473,45253,50053,53167
Maverick,Cumulative Tests Average,44371,54347,60439,66214,71225,75396,78741,85103,93850,100072
McCulloch,Cumulative Tests Average,2696,3079,3436,3706,3956,4168,4433,4967,5901,6541
McLennan,Cumulative Tests Average,222327,248423,268534,292938,325458,339901,352601,379239,442891,498391
McMullen,Cumulative Tests Average,342,406,445,477,493,508,533,580,662,724
Medina,Cumulative Tests Average,22308,28154,31743,36206,39245,41365,43498,47252,52916,58152
Menard,Cumulative Tests Average,1951,2221,2298,2389,2473,2515,2784,3220,3661,3940
Midland,Cumulative Tests Average,62832,74047,82951,91592,98805,103824,109403,119557,137362,150801
Milam,Cumulative Tests Average,15679,19121,21477,23522,25415,26379,27419,29497,33205,35883
Mills,Cumulative Tests Average,4132,4812,5312,6021,6467,6658,6837,7368,8453,9318
Mitchell,Cumulative Tests Average,5467,6188,6850,7576,8163,8686,9154,9867,11330,12775
Montague,Cumulative Tests Average,10337,11995,13191,14225,15327,16156,16727,18080,20664,22682
Montgomery,Cumulative Tests Average,280940,340112,384040,431981,490381,524802,554453,610836,696621,754609
Moore,Cumulative Tests Average,7705,8823,9553,10157,10687,11084,11509,12040,12995,14410
Morris,Cumulative Tests Average,6871,8419,9638,10526,11033,11589,12155,13113,15081,16456
Motley,Cumulative Tests Average,503,548,588,630,672,691,713,755,809,911
Nacogdoches,Cumulative Tests Average,34882,40488,45515,50521,55967,58517,60647,64674,72679,79178
Navarro,Cumulative Tests Average,26945,30514,33327,36056,39083,41243,43253,48294,55813,62130
Newton,Cumulative Tests Average,4198,5133,5907,6521,7065,7399,7873,8841,10513,11559
Nolan,Cumulative Tests Average,7810,9192,11026,11982,12486,12733,13135,13928,15184,16279
Nueces,Cumulative Tests Average,221213,257094,284059,309675,332657,351690,370158,410042,461532,496291
Ochiltree,Cumulative Tests Average,640,870,1036,1178,1366,1441,1527,1715,1952,2297
Oldham,Cumulative Tests Average,731,1054,1342,1489,1571,1649,1756,1856,2033,2340
Orange,Cumulative Tests Average,29150,35465,41060,46354,50501,53430,56083,61593,71549,77327
Palo Pinto,Cumulative Tests Average,13475,16079,17997,19544,20664,21414,22555,24912,29822,33312
Panola,Cumulative Tests Average,8609,10693,12372,13309,13873,14324,15102,16747,19677,21703
Parker,Cumulative Tests Average,63221,76190,85349,92522,98893,104044,109948,120652,138040,152938
Parmer,Cumulative Tests Average,2286,2815,3188,3526,3796,4001,4231,4594,5275,5869
Pecos,Cumulative Tests Average,8289,9567,10554,11765,12542,13104,13571,14352,16142,17513
Polk,Cumulative Tests Average,24646,31594,37822,43105,48078,51062,54308,59249,66745,71562
Potter,Cumulative Tests Average,66558,77789,85862,93236,100952,105838,110748,120421,131521,141583
Presidio,Cumulative Tests Average,6904,7879,8529,8747,8878,8935,8993,9229,9743,9972
Rains,Cumulative Tests Average,2722,3263,3638,3948,4274,4523,4885,5671,6900,7903
Randall,Cumulative Tests Average,46798,59981,68208,75180,82353,86971,91069,97929,107406,117055
Reagan,Cumulative Tests Average,1113,1193,1238,1270,1296,1327,1363,1476,1694,1859
Real,Cumulative Tests Average,1687,2155,2318,2456,2551,2632,2715,2956,3496,3981
Red River,Cumulative Tests Average,5734,6706,7713,8511,9023,9343,10099,10998,13010,14649
Reeves,Cumulative Tests Average,4227,5745,7154,8092,12852,26951,51217,72099,91910,99476
Refugio,Cumulative Tests Average,4901,5948,7078,7756,8300,8493,8855,9865,11196,12312
Roberts,Cumulative Tests Average,139,196,219,235,262,288,312,335,370,402
Robertson,Cumulative Tests Average,12363,15113,17218,18721,20027,21164,22256,23776,26382,28736
Rockwall,Cumulative Tests Average,58320,70928,77538,82935,87573,91496,95494,103059,114903,124601
Runnels,Cumulative Tests Average,6482,7555,8257,8845,9247,9582,9879,10759,12655,13803
Rusk,Cumulative Tests Average,17077,19511,21359,23159,24944,26347,28432,32279,38534,43234
Sabine,Cumulative Tests Average,5714,6906,7930,8594,9471,9991,10683,12042,13766,14937
San Augustine,Cumulative Tests Average,5273,6377,7709,8525,9294,9734,10923,12718,15387,16895
San Jacinto,Cumulative Tests Average,13485,16806,19615,22213,25116,26957,28467,31244,35633,38611
San Patricio,Cumulative Tests Average,35596,43177,49147,54989,59627,63341,67245,75671,87155,94488
San Saba,Cumulative Tests Average,3141,4072,4630,5024,5424,5777,6040,6550,7378,8470
Schleicher,Cumulative Tests Average,1025,1164,1233,1271,1313,1330,1369,1461,1673,1824
Scurry,Cumulative Tests Average,15089,16146,16724,17759,18394,19024,19836,21472,24846,27181
Shackelford,Cumulative Tests Average,896,1086,1212,1315,1416,1486,1541,1626,1877,2128
Shelby,Cumulative Tests Average,11184,13019,14305,15576,16899,17758,18794,20769,24365,27176
Sherman,Cumulative Tests Average,189,299,362,407,449,463,475,498,528,576
Smith,Cumulative Tests Average,160039,180093,192716,205342,215483,222787,232413,263307,306878,343298
Somervell,Cumulative Tests Average,6560,7622,8142,8565,8921,9238,9811,11416,13061,14378
Starr,Cumulative Tests Average,36627,48409,56500,63160,69328,74133,77519,82782,95609,103669
Stephens,Cumulative Tests Average,3102,3826,4497,5335,5882,6281,6667,7169,8562,9628
Sterling,Cumulative Tests Average,771,891,954,1000,1030,1054,1082,1184,1361,1472
Stonewall,Cumulative Tests Average,357,451,495,538,568,594,637,765,938,1147
Sutton,Cumulative Tests Average,1587,1782,1901,1967,2025,2088,2162,2304,2526,2643
Swisher,Cumulative Tests Average,3564,4084,4601,5201,5803,6297,6672,7278,8267,9460
Tarrant,Cumulative Tests Average,1289238,1567937,1737958,1879372,2008743,2105039,2208911,2393331,2691453,2929567
Taylor,Cumulative Tests Average,91964,111416,125100,136224,144475,152007,156386,166174,193981,218545
Terrell,Cumulative Tests Average,397,441,465,480,488,494,504,531,622,731
Terry,Cumulative Tests Average,3507,3920,4329,4833,5363,5875,6324,6920,7888,8883
Throckmorton,Cumulative Tests Average,280,377,428,494,553,596,631,706,923,1105
Titus,Cumulative Tests Average,20606,23852,25690,27259,28378,29421,30725,32468,36533,39338
Tom Green,Cumulative Tests Average,89011,102065,109802,116406,121115,124276,128230,143159,170912,191075
Travis,Cumulative Tests Average,773167,948971,1069334,1186602,1288499,1366332,1441032,1590420,1801460,1987766
Trinity,Cumulative Tests Average,8767,11341,12824,14061,15512,16712,17872,19850,22414,24096
Tyler,Cumulative Tests Average,10467,12080,13288,14682,16202,17199,18231,20086,23116,25130
Upshur,Cumulative Tests Average,11687,13817,15191,16115,17077,17749,18503,20346,23366,25402
Upton,Cumulative Tests Average,1834,2253,2806,3080,3227,3324,3447,3622,4046,4449
Uvalde,Cumulative Tests Average,17828,22628,24680,26154,27345,28250,29320,32401,37821,41326
Val Verde,Cumulative Tests Average,35398,44660,50287,55606,60238,63116,65742,71408,81176,88632
Van Zandt,Cumulative Tests Average,18464,22265,24949,27779,30265,31852,33825,38263,44380,49654
Victoria,Cumulative Tests Average,38287,45952,51521,56488,61226,64732,69023,76614,88963,97346
Walker,Cumulative Tests Average,77588,91712,103471,115775,128122,136668,143526,157414,177618,193387
Waller,Cumulative Tests Average,22646,28818,33366,37836,42441,44914,46992,50943,57961,63676
Ward,Cumulative Tests Average,3923,4466,4764,5028,5259,5389,5520,5795,6474,7087
Washington,Cumulative Tests Average,29218,35787,40470,44802,49236,52423,54935,59686,67177,73399
Webb,Cumulative Tests Average,265847,345400,380827,414028,444104,462057,476968,510143,558761,596397
Wharton,Cumulative Tests Average,25143,29667,32576,35636,39355,41278,42847,46159,51688,55592
Wheeler,Cumulative Tests Average,3021,3450,3763,3995,4180,4337,4509,4798,5668,6480
Wichita,Cumulative Tests Average,100720,115902,125526,131591,137044,141126,144759,154714,175213,196976
Wilbarger,Cumulative Tests Average,11886,13982,15670,17092,18188,18895,19424,20487,24038,30724
Willacy,Cumulative Tests Average,16910,20612,23785,26736,30213,33185,36336,40395,44995,48653
Williamson,Cumulative Tests Average,320043,400743,452421,505067,553229,589005,622287,689793,788605,870573
Wilson,Cumulative Tests Average,25235,32874,36928,41752,44588,46604,48511,52028,59095,65918
Winkler,Cumulative Tests Average,952,1100,1187,1296,1369,1420,1467,1566,1788,2045
Wise,Cumulative Tests Average,38893,46111,51089,54746,57984,60272,62735,67338,76169,82708
Wood,Cumulative Tests Average,16290,18803,20545,22316,23931,25152,26633,30146,36786,40981
Yoakum,Cumulative Tests Average,2340,2574,2744,2855,2957,3024,3122,3582,4125,4460
Young,Cumulative Tests Average,6644,7858,8678,9401,10153,10536,11026,11923,13387,14826
Zapata,Cumulative Tests Average,13710,17704,19648,21383,22977,24022,24781,26756,30612,32916
Zavala,Cumulative Tests Average,6928,9042,9927,10521,10956,11287,11589,12367,13942,14808
Anderson,Active Case by County,496,218,39,49,185,100,42,203,846,608
Andrews,Active Case by County,210,153,36,48,12,6,17,89,297,148
Angelina,Active Case by County,884,566,236,180,98,56,107,882,1301,512
Aransas,Active Case by County,141,105,39,31,10,12,60,218,313,93
Archer,Active Case by County,13,2,1,1,2,0,2,20,22,18
Armstrong,Active Case by County,20,7,1,4,0,1,3,7,7,8
Atascosa,Active Case by County,342,156,46,20,23,23,60,267,325,89
Austin,Active Case by County,135,69,52,30,9,4,25,109,160,76
Bailey,Active Case by County,25,12,9,1,1,1,2,12,13,9
Bandera,Active Case by County,72,53,13,10,14,8,20,90,102,58
Bastrop,Active Case by County,611,1356,283,252,208,89,210,873,1032,412
Baylor,Active Case by County,5,1,0,0,0,0,1,2,11,10
Bee,Active Case by County,316,161,27,16,12,11,41,359,427,89
Bell,Active Case by County,2151,1072,368,300,199,177,686,2409,2958,1506
Bexar,Active Case by County,31218,19360,5008,4289,4008,2092,4024,20096,19830,8582
Blanco,Active Case by County,30,130,18,14,12,14,15,65,145,71
Borden,Active Case by County,0,0,2,1,0,0,0,1,2,2
Bosque,Active Case by County,123,211,41,18,15,4,23,133,176,68
Bowie,Active Case by County,551,522,466,100,62,63,136,650,1233,395
Brazoria,Active Case by County,5655,4188,2289,1519,868,407,704,4599,6778,3094
Brazos,Active Case by County,1625,1139,898,576,302,186,226,749,1773,1420
Brewster,Active Case by County,41,6,17,12,7,3,5,20,19,38
Briscoe,Active Case by County,15,7,2,2,0,1,4,7,4,5
Brooks,Active Case by County,64,29,15,11,15,16,15,60,45,13
Brown,Active Case by County,470,163,62,10,9,16,43,237,405,102
Burleson,Active Case by County,119,396,81,46,34,21,28,115,175,116
Burnet,Active Case by County,207,716,212,126,77,44,122,472,564,220
Caldwell,Active Case by County,237,890,158,100,102,40,85,458,691,232
Calhoun,Active Case by County,101,67,39,31,37,30,20,165,162,49
Callahan,Active Case by County,18,12,4,2,2,2,3,27,37,26
Cameron,Active Case by County,4866,4647,2354,1269,1022,749,1152,3892,3339,3093
Camp,Active Case by County,132,178,149,34,12,5,16,123,155,39
Carson,Active Case by County,23,18,14,14,2,2,3,14,21,17
Cass,Active Case by County,102,106,89,29,22,17,65,345,516,186
Castro,Active Case by County,27,19,9,12,3,1,2,18,28,24
Chambers,Active Case by County,364,298,148,123,83,93,105,530,352,132
Cherokee,Active Case by County,162,8,0,7,22,13,40,245,303,72
Childress,Active Case by County,46,13,5,2,2,1,4,11,37,31
Clay,Active Case by County,24,7,3,0,1,2,6,21,35,27
Cochran,Active Case by County,12,12,8,6,1,0,2,10,22,12
Coke,Active Case by County,27,5,14,7,5,1,1,34,60,21
Coleman,Active Case by County,10,3,1,1,1,2,9,17,9,20
Collin,Active Case by County,4791,2675,1140,918,603,349,783,3324,4237,1954
Collingsworth,Active Case by County,17,8,8,12,0,0,1,6,6,4
Colorado,Active Case by County,85,46,24,18,4,1,20,91,84,21
Comal,Active Case by County,692,535,267,214,282,197,419,1329,1387,554
Comanche,Active Case by County,10,20,6,3,3,2,7,32,47,16
Concho,Active Case by County,28,24,36,10,36,22,17,57,41,10
Cooke,Active Case by County,129,66,22,9,8,3,17,77,74,28
Coryell,Active Case by County,484,559,145,95,69,20,122,485,805,458
Cottle,Active Case by County,2,0,1,0,0,0,1,2,3,3
Crane,Active Case by County,5,5,2,6,5,4,13,45,75,45
Crockett,Active Case by County,9,42,6,1,1,11,11,29,46,20
Crosby,Active Case by County,41,36,15,10,1,2,5,30,40,19
Culberson,Active Case by County,28,19,7,4,2,2,0,2,6,3
Dallam,Active Case by County,33,72,77,11,1,1,3,25,46,23
Dallas,Active Case by County,36793,21581,7603,4523,3345,1864,3485,15333,21498,13932
Dawson,Active Case by County,75,14,6,4,1,2,4,35,83,39
Deaf Smith,Active Case by County,97,75,32,19,6,3,8,45,56,21
Delta,Active Case by County,40,43,35,8,3,1,6,34,60,26
Denton,Active Case by County,14877,14206,9482,4390,3150,1990,1948,6541,14101,14679
DeWitt,Active Case by County,117,90,19,10,20,94,18,72,299,71
Dickens,Active Case by County,7,6,2,3,0,1,4,6,10,4
Dimmit,Active Case by County,154,82,55,92,43,74,108,151,57,26
Donley,Active Case by County,31,21,6,6,1,1,2,8,32,17
Duval,Active Case by County,133,45,23,17,16,3,27,140,139,37
Eastland,Active Case by County,14,19,6,2,3,1,5,36,43,25
Ector,Active Case by County,1544,1730,510,232,231,83,282,1494,1937,866
Edwards,Active Case by County,6,2,1,1,1,0,1,5,13,5
El Paso,Active Case by County,35229,15124,3342,2379,1552,424,502,1570,1586,1937
Ellis,Active Case by County,809,405,132,92,76,79,146,568,719,359
Erath,Active Case by County,53,39,17,16,5,6,31,136,154,49
Falls,Active Case by County,122,196,31,8,14,5,4,76,121,82
Fannin,Active Case by County,133,53,17,21,7,4,17,63,87,54
Fayette,Active Case by County,145,281,131,115,45,13,43,177,184,51
Fisher,Active Case by County,15,2,0,2,3,1,1,13,10,7
Floyd,Active Case by County,65,48,12,8,1,0,4,37,28,35
Foard,Active Case by County,1,2,0,0,0,0,0,3,6,1
Fort Bend,Active Case by County,14168,12476,9943,10038,10284,2213,985,6244,8234,4483
Franklin,Active Case by County,88,105,89,20,7,2,6,70,120,58
Freestone,Active Case by County,51,230,30,32,54,16,24,127,191,79
Frio,Active Case by County,111,71,24,20,31,28,37,83,77,62
Gaines,Active Case by County,37,15,5,3,4,5,5,61,160,46
Galveston,Active Case by County,7700,6263,3220,2239,1645,875,908,4873,5394,2358
Garza,Active Case by County,19,29,12,11,2,1,1,17,20,15
Gillespie,Active Case by County,171,60,24,12,12,12,29,91,103,55
Glasscock,Active Case by County,5,1,0,3,0,0,0,11,9,8
Goliad,Active Case by County,16,14,12,4,11,7,5,15,21,24
Gonzales,Active Case by County,173,80,21,11,7,8,18,81,137,33
Gray,Active Case by County,104,76,29,28,6,2,8,71,192,80
Grayson,Active Case by County,450,203,54,34,18,11,64,267,380,183
Gregg,Active Case by County,3221,2989,493,146,236,185,244,1482,3386,1991
Grimes,Active Case by County,35,489,101,57,73,32,41,240,281,107
Guadalupe,Active Case by County,758,394,123,136,151,169,284,874,940,511
Hale,Active Case by County,189,86,16,11,11,10,19,138,245,106
Hall,Active Case by County,78,31,5,5,0,0,2,3,5,6
Hamilton,Active Case by County,71,64,13,8,7,4,23,72,142,56
Hansford,Active Case by County,57,51,15,6,1,0,2,11,21,24
Hardeman,Active Case by County,6,3,0,1,1,1,1,6,4,4
Hardin,Active Case by County,861,782,604,500,278,137,154,770,1273,215
Harris,Active Case by County,49472,32285,14058,10638,7373,3908,5483,37102,52126,28749
Harrison,Active Case by County,732,873,781,172,53,25,82,572,872,271
Hartley,Active Case by County,27,58,54,6,1,0,3,13,31,17
Haskell,Active Case by County,10,4,1,0,0,0,1,3,9,8
Hays,Active Case by County,2580,1446,476,523,369,141,399,1973,1827,720
Hemphill,Active Case by County,98,35,4,4,1,0,3,8,24,15
Henderson,Active Case by County,1710,1626,452,125,178,103,117,691,1498,912
Hidalgo,Active Case by County,2093,2142,2219,1688,990,198,1344,5079,3888,1789
Hill,Active Case by County,169,617,89,44,36,20,36,205,281,133
Hockley,Active Case by County,109,79,39,47,5,5,24,108,192,104
Hood,Active Case by County,221,95,35,12,15,12,68,163,199,95
Hopkins,Active Case by County,162,186,149,37,34,26,35,231,391,181
Houston,Active Case by County,124,83,57,17,19,16,33,128,206,84
Howard,Active Case by County,243,132,41,38,33,19,18,167,272,117
Hudspeth,Active Case by County,31,10,8,4,11,2,2,6,11,4
Hunt,Active Case by County,831,1274,701,42,58,39,74,358,586,239
Hutchinson,Active Case by County,104,87,29,39,8,5,15,84,186,127
Irion,Active Case by County,13,13,8,2,2,1,1,11,14,7
Jack,Active Case by County,31,7,3,1,1,0,5,13,15,15
Jackson,Active Case by County,83,40,14,16,14,10,13,102,188,43
Jasper,Active Case by County,108,49,17,24,10,11,36,189,261,43
Jeff Davis,Active Case by County,11,30,10,2,2,1,1,1,2,4
Jefferson,Active Case by County,3438,2504,866,590,522,413,590,2760,5249,4021
Jim Hogg,Active Case by County,126,51,4,2,2,3,2,48,78,20
Jim Wells,Active Case by County,493,202,109,68,59,40,83,603,562,170
Johnson,Active Case by County,801,309,120,57,39,38,115,430,519,312
Jones,Active Case by County,203,124,66,24,3,4,4,75,96,155
Karnes,Active Case by County,48,44,23,41,64,68,139,188,167,116
Kaufman,Active Case by County,570,339,120,67,69,52,120,438,505,266
Kendall,Active Case by County,176,112,41,22,26,11,45,160,183,102
Kenedy,Active Case by County,3,2,1,1,1,0,0,4,5,1
Kent,Active Case by County,1,1,5,1,0,0,0,2,1,1
Kerr,Active Case by County,228,138,41,30,43,26,58,176,217,166
Kimble,Active Case by County,25,13,4,1,7,10,5,25,34,19
King,Active Case by County,4,1,0,0,0,0,0,0,1,1
Kinney,Active Case by County,31,5,0,1,2,0,2,7,27,10
Kleberg,Active Case by County,274,165,74,67,30,14,57,391,326,91
Knox,Active Case by County,3,2,0,0,1,0,1,1,2,6
La Salle,Active Case by County,62,48,7,1,3,2,8,12,33,17
Lamar,Active Case by County,777,325,127,36,32,48,62,281,847,408
Lamb,Active Case by County,92,52,25,30,13,5,12,79,67,20
Lampasas,Active Case by County,187,422,63,34,23,9,53,215,337,113
Lavaca,Active Case by County,78,45,29,17,15,7,13,77,81,24
Lee,Active Case by County,176,313,96,34,29,11,26,136,137,90
Leon,Active Case by County,77,214,42,22,14,5,20,122,213,79
Liberty,Active Case by County,511,431,84,72,46,3,73,493,669,150
Limestone,Active Case by County,125,432,67,36,36,13,44,130,187,78
Lipscomb,Active Case by County,25,20,5,8,1,0,1,3,5,6
Live Oak,Active Case by County,128,59,14,5,6,9,13,98,301,169
Llano,Active Case by County,150,262,72,32,26,8,38,193,171,87
Loving,Active Case by County,0,0,0,0,0,0,1,0,0,0
Lubbock,Active Case by County,2347,817,188,119,146,149,438,2735,4834,2207
Lynn,Active Case by County,18,6,3,1,1,2,2,17,38,14
Madison,Active Case by County,47,172,46,16,17,5,14,89,107,54
Marion,Active Case by County,92,114,101,21,4,5,14,65,147,47
Martin,Active Case by County,9,24,3,8,3,7,7,33,48,17
Mason,Active Case by County,43,25,9,1,10,7,3,9,28,39
Matagorda,Active Case by County,188,124,70,126,77,5,22,191,269,62
Maverick,Active Case by County,1471,1329,898,312,8,18,49,222,176,94
McCulloch,Active Case by County,30,29,19,5,6,5,8,35,104,36
McLennan,Active Case by County,919,476,202,191,139,74,167,1029,1576,409
McMullen,Active Case by County,5,4,1,1,0,1,0,3,6,2
Medina,Active Case by County,205,113,31,25,29,19,56,231,263,111
Menard,Active Case by County,20,9,1,0,2,1,3,24,32,13
Midland,Active Case by County,2200,1287,400,238,215,106,120,901,2290,1061
Milam,Active Case by County,69,117,23,14,9,7,21,158,203,26
Mills,Active Case by County,91,102,21,4,2,1,2,31,44,33
Mitchell,Active Case by County,25,6,7,2,2,1,3,34,56,17
Montague,Active Case by County,44,24,12,4,3,4,13,47,68,34
Montgomery,Active Case by County,6904,4650,2299,1750,1331,864,1149,7282,12094,4797
Moore,Active Case by County,37,37,29,18,3,3,25,81,109,66
Morris,Active Case by County,102,130,94,19,8,6,32,98,158,53
Motley,Active Case by County,3,1,1,3,0,0,1,1,2,4
Nacogdoches,Active Case by County,320,283,257,68,53,23,35,311,645,280
Navarro,Active Case by County,734,296,87,58,69,47,67,496,702,298
Newton,Active Case by County,33,13,3,8,3,1,7,35,59,9
Nolan,Active Case by County,258,112,10,1,4,1,9,67,175,38
Nueces,Active Case by County,2969,2065,983,1101,853,557,805,5076,4182,1126
Ochiltree,Active Case by County,47,24,12,20,11,1,5,24,40,63
Oldham,Active Case by County,23,33,5,3,1,0,0,2,7,6
Orange,Active Case by County,1216,1117,463,465,269,87,152,739,1091,250
Palo Pinto,Active Case by County,95,39,13,8,4,7,18,101,128,52
Panola,Active Case by County,140,141,98,23,18,12,34,186,224,90
Parker,Active Case by County,562,298,98,50,67,56,163,436,549,306
Parmer,Active Case by County,32,17,12,15,4,2,4,21,27,10
Pecos,Active Case by County,5,54,58,43,30,8,2,58,149,109
Polk,Active Case by County,289,212,91,84,91,37,90,475,608,217
Potter,Active Case by County,1172,653,179,111,207,97,179,1225,2019,1177
Presidio,Active Case by County,36,72,16,5,4,1,2,12,24,4
Rains,Active Case by County,228,199,48,11,18,8,28,115,217,202
Randall,Active Case by County,1695,814,187,149,246,113,211,1436,2270,1352
Reagan,Active Case by County,9,6,5,2,3,2,2,30,43,43
Real,Active Case by County,9,3,2,2,1,1,1,19,25,19
Red River,Active Case by County,40,24,10,5,6,3,12,68,130,72
Reeves,Active Case by County,94,89,7,11,90,106,155,265,240,159
Refugio,Active Case by County,68,32,17,6,15,6,12,119,115,22
Roberts,Active Case by County,6,1,0,1,0,0,1,2,6,4
Robertson,Active Case by County,109,322,50,26,37,34,46,98,172,75
Rockwall,Active Case by County,469,260,107,53,46,40,122,337,393,208
Runnels,Active Case by County,35,10,4,1,2,0,4,29,29,8
Rusk,Active Case by County,365,385,330,74,36,31,122,462,977,373
Sabine,Active Case by County,8,0,0,2,3,0,3,30,49,17
San Augustine,Active Case by County,29,18,11,10,7,6,6,51,68,47
San Jacinto,Active Case by County,116,198,187,55,40,20,38,217,323,95
San Patricio,Active Case by County,292,192,68,55,43,55,101,393,597,251
San Saba,Active Case by County,69,127,4,0,0,0,4,28,29,55
Schleicher,Active Case by County,15,16,4,2,3,1,5,19,31,5
Scurry,Active Case by County,54,51,0,33,8,2,11,123,229,57
Shackelford,Active Case by County,8,5,1,2,1,0,1,5,6,6
Shelby,Active Case by County,166,120,85,28,14,15,15,134,196,103
Sherman,Active Case by County,7,14,26,5,0,0,2,11,12,1
Smith,Active Case by County,5443,5313,1288,724,580,301,409,2672,6070,4309
Somervell,Active Case by County,34,10,4,1,1,0,7,23,21,26
Starr,Active Case by County,1198,612,239,123,40,35,77,368,412,176
Stephens,Active Case by County,13,11,4,1,1,1,2,11,109,83
Sterling,Active Case by County,3,3,2,0,0,0,2,14,12,3
Stonewall,Active Case by County,3,0,0,0,0,0,0,1,4,4
Sutton,Active Case by County,38,23,10,3,0,3,3,42,24,7
Swisher,Active Case by County,43,26,15,12,7,2,7,20,115,294
Tarrant,Active Case by County,52255,31106,8938,4827,3954,2445,4299,17365,30385,18941
Taylor,Active Case by County,2523,1367,359,163,192,102,183,1177,2287,1505
Terrell,Active Case by County,9,2,0,1,0,0,2,5,9,5
Terry,Active Case by County,126,26,3,1,1,2,2,35,78,28
Throckmorton,Active Case by County,4,0,0,0,0,0,0,1,3,2
Titus,Active Case by County,331,441,346,70,21,13,30,179,400,124
Tom Green,Active Case by County,1234,490,145,88,64,21,186,1258,1613,463
Travis,Active Case by County,5530,3157,1242,1010,591,261,935,2931,3037,1588
Trinity,Active Case by County,74,68,65,16,18,10,21,111,153,67
Tyler,Active Case by County,62,26,17,20,3,2,20,155,229,24
Upshur,Active Case by County,488,503,441,90,24,17,54,355,522,179
Upton,Active Case by County,46,32,8,1,1,1,5,19,65,38
Uvalde,Active Case by County,274,102,7,0,0,0,104,276,337,107
Val Verde,Active Case by County,1222,512,146,60,20,28,67,362,443,245
Van Zandt,Active Case by County,1158,1212,333,151,170,95,154,687,1306,1007
Victoria,Active Case by County,530,531,98,139,177,73,116,592,583,110
Walker,Active Case by County,761,396,65,63,15,0,28,346,464,111
Waller,Active Case by County,299,160,98,69,47,16,44,218,312,92
Ward,Active Case by County,95,74,29,15,12,8,6,81,195,100
Washington,Active Case by County,129,681,134,98,78,72,83,213,334,180
Webb,Active Case by County,8987,3703,452,256,249,158,170,643,472,246
Wharton,Active Case by County,311,146,37,33,26,10,19,170,208,2
Wheeler,Active Case by County,43,22,5,5,4,1,2,18,33,15
Wichita,Active Case by County,2314,594,113,42,52,28,130,543,1798,933
Wilbarger,Active Case by County,8,7,1,1,2,1,1,11,28,49
Willacy,Active Case by County,257,180,76,55,106,57,137,305,245,159
Williamson,Active Case by County,1893,1062,0,995,1030,356,1074,5325,6568,3342
Wilson,Active Case by County,203,114,34,22,29,35,69,266,317,119
Winkler,Active Case by County,66,28,19,16,4,6,6,36,77,107
Wise,Active Case by County,292,152,39,17,23,25,82,205,255,134
Wood,Active Case by County,905,954,239,101,74,48,90,503,1291,843
Yoakum,Active Case by County,21,6,3,1,1,1,1,35,45,23
Young,Active Case by County,47,35,3,3,2,1,9,31,16,18
Zapata,Active Case by County,278,164,32,2,6,9,15,55,101,26
Zavala,Active Case by County,152,72,10,3,3,5,16,76,87,26
Anderson,Death Count Average,86,106,112,119,125,132,133,138,170,197
Andrews,Death Count Average,40,46,48,48,48,48,48,49,52,55
Angelina,Death Count Average,208,255,271,278,282,287,288,304,354,398
Aransas,Death Count Average,29,35,36,38,41,41,42,49,59,65
Archer,Death Count Average,9,11,12,12,12,12,12,13,15,19
Armstrong,Death Count Average,6,6,6,6,6,6,7,7,7,7
Atascosa,Death Count Average,107,138,148,151,151,152,153,163,190,203
Austin,Death Count Average,21,29,34,34,37,37,38,41,48,52
Bailey,Death Count Average,16,18,19,20,20,20,20,22,25,25
Bandera,Death Count Average,20,25,27,27,28,28,31,36,45,53
Bastrop,Death Count Average,62,82,91,93,97,101,107,120,149,171
Baylor,Death Count Average,10,12,13,13,13,13,13,13,16,21
Bee,Death Count Average,56,65,70,73,74,75,77,84,110,126
Bell,Death Count Average,262,365,402,419,433,449,462,532,646,705
Bexar,Death Count Average,2418,3091,3388,3500,3582,3635,3688,4042,4740,5092
Blanco,Death Count Average,13,19,20,20,20,21,21,23,27,28
Borden,Death Count Average,0,2,2,2,2,2,2,2,2,2
Bosque,Death Count Average,24,31,33,33,34,36,37,41,50,55
Bowie,Death Count Average,155,187,207,213,219,225,228,244,291,323
Brazoria,Death Count Average,301,385,445,489,519,534,543,612,749,822
Brazos,Death Count Average,177,214,235,250,255,260,264,285,322,347
Brewster,Death Count Average,12,15,16,16,16,17,17,18,19,21
Briscoe,Death Count Average,4,4,5,5,6,6,6,7,7,7
Brooks,Death Count Average,30,33,36,36,36,36,37,39,45,47
Brown,Death Count Average,88,112,117,119,121,121,124,135,154,167
Burleson,Death Count Average,25,37,40,45,48,48,48,50,56,59
Burnet,Death Count Average,40,58,62,64,67,67,70,83,105,124
Caldwell,Death Count Average,61,86,94,96,98,100,101,111,134,150
Calhoun,Death Count Average,14,19,23,24,24,25,25,27,32,35
Callahan,Death Count Average,31,37,38,40,41,42,42,44,51,53
Cameron,Death Count Average,1181,1349,1434,1468,1503,1523,1541,1588,1704,1775
Camp,Death Count Average,34,41,42,42,43,44,45,49,59,65
Carson,Death Count Average,12,13,14,14,14,14,14,16,20,24
Cass,Death Count Average,65,78,81,82,83,84,87,100,130,146
Castro,Death Count Average,27,29,31,32,32,32,32,32,34,36
Chambers,Death Count Average,18,22,26,27,28,30,31,37,50,56
Cherokee,Death Count Average,109,131,137,141,145,146,148,155,191,218
Childress,Death Count Average,15,17,17,17,17,17,17,17,19,20
Clay,Death Count Average,13,16,16,16,16,16,17,18,22,23
Cochran,Death Count Average,12,14,14,15,15,15,15,15,17,18
Coke,Death Count Average,10,11,12,12,13,13,13,13,15,16
Coleman,Death Count Average,21,28,32,32,33,34,34,38,47,52
Collin,Death Count Average,559,734,796,821,836,845,860,899,1008,1112
Collingsworth,Death Count Average,8,9,9,9,9,9,9,9,9,11
Colorado,Death Count Average,19,25,27,30,32,32,32,36,46,51
Comal,Death Count Average,212,262,283,293,300,305,315,352,411,447
Comanche,Death Count Average,39,49,51,51,51,51,52,54,58,63
Concho,Death Count Average,5,7,8,8,8,8,8,9,9,10
Cooke,Death Count Average,50,63,67,71,72,72,72,74,85,99
Coryell,Death Count Average,53,77,84,85,86,88,90,100,136,158
Cottle,Death Count Average,7,7,7,7,7,7,7,8,9,9
Crane,Death Count Average,11,11,12,12,12,12,12,14,15,18
Crockett,Death Count Average,14,15,15,15,15,15,15,15,16,16
Crosby,Death Count Average,24,26,28,29,29,29,29,30,33,36
Culberson,Death Count Average,6,8,8,10,11,11,11,11,11,11
Dallam,Death Count Average,22,25,25,25,26,26,26,26,29,30
Dallas,Death Count Average,2910,3597,3915,4014,4093,4137,4191,4415,4915,5310
Dawson,Death Count Average,63,70,70,70,70,70,70,72,75,78
De Witt,Death Count Average,53,56,58,59,59,61,61,65,74,82
Deaf Smith,Death Count Average,62,65,67,68,69,70,70,70,71,77
Delta,Death Count Average,6,11,12,12,12,12,14,15,19,20
Denton,Death Count Average,502,662,727,751,767,776,788,823,918,1000
Dickens,Death Count Average,8,9,10,10,10,10,10,10,10,13
Dimmit,Death Count Average,16,23,30,32,36,37,37,38,42,45
Donley,Death Count Average,10,13,15,15,15,15,15,15,18,18
Duval,Death Count Average,34,39,41,42,42,43,43,46,53,58
Eastland,Death Count Average,27,42,47,48,49,50,50,54,67,77
Ector,Death Count Average,296,335,359,369,377,379,383,411,490,531
Edwards,Death Count Average,4,4,5,6,6,6,6,6,7,7
El Paso,Death Count Average,2237,2453,2598,2673,2720,2743,2765,2788,2825,2869
Ellis,Death Count Average,234,282,306,313,319,325,328,348,409,458
Erath,Death Count Average,50,66,67,68,69,70,70,74,89,100
Falls,Death Count Average,24,30,31,32,32,32,33,34,40,46
Fannin,Death Count Average,78,101,106,108,108,109,110,117,132,148
Fayette,Death Count Average,47,54,58,62,65,67,70,76,86,92
Fisher,Death Count Average,12,14,14,14,14,14,14,14,16,16
Floyd,Death Count Average,28,29,29,30,30,30,30,30,34,38
Foard,Death Count Average,7,9,10,10,10,10,10,10,10,10
Fort Bend,Death Count Average,477,570,629,655,679,696,708,757,869,934
Franklin,Death Count Average,18,24,26,26,26,26,26,27,30,34
Freestone,Death Count Average,35,43,49,49,50,50,50,55,63,67
Frio,Death Count Average,32,45,49,51,52,52,53,58,65,69
Gaines,Death Count Average,37,42,43,43,44,45,46,47,53,59
Galveston,Death Count Average,272,347,390,412,428,446,458,512,632,691
Garza,Death Count Average,18,19,22,22,22,22,22,22,22,22
Gillespie,Death Count Average,37,48,49,50,51,53,54,60,71,77
Glasscock,Death Count Average,1,2,2,2,2,2,2,2,3,3
Goliad,Death Count Average,10,13,14,14,14,15,16,17,21,28
Gonzales,Death Count Average,33,50,56,57,57,57,58,63,77,83
Gray,Death Count Average,47,54,56,58,58,58,59,62,68,78
Grayson,Death Count Average,250,312,333,339,342,346,349,373,433,482
Gregg,Death Count Average,263,330,352,355,359,361,365,394,477,539
Grimes,Death Count Average,56,63,67,68,71,73,74,77,95,106
Guadalupe,Death Count Average,144,188,203,210,215,222,226,244,293,330
Hale,Death Count Average,140,152,153,154,156,156,157,163,177,187
Hall,Death Count Average,12,14,14,14,14,14,14,15,15,15
Hamilton,Death Count Average,22,24,25,25,26,26,28,28,29,29
Hansford,Death Count Average,19,21,23,24,24,24,24,24,25,25
Hardeman,Death Count Average,12,12,12,12,12,12,12,12,13,13
Hardin,Death Count Average,76,96,106,110,113,115,118,138,181,207
Harris,Death Count Average,4289,5302,5914,6257,6489,6620,6733,7236,8394,9092
Harrison,Death Count Average,82,95,103,106,109,110,111,121,152,176
Hartley,Death Count Average,2,2,2,2,2,2,2,2,2,2
Haskell,Death Count Average,21,25,27,27,27,27,28,28,30,31
Hays,Death Count Average,144,180,200,206,214,223,228,258,305,342
Hemphill,Death Count Average,2,2,2,2,2,3,3,3,3,3
Henderson,Death Count Average,121,163,181,187,192,195,199,222,296,332
Hidalgo,Death Count Average,2137,2361,2480,2535,2584,2616,2648,2776,3001,3105
Hill,Death Count Average,64,96,105,107,108,110,111,119,140,158
Hockley,Death Count Average,94,98,100,102,103,103,106,115,126,131
Hood,Death Count Average,97,116,123,128,132,135,138,151,176,197
Hopkins,Death Count Average,93,101,107,109,112,114,114,123,137,145
Houston,Death Count Average,33,41,49,51,55,58,59,62,73,79
Howard,Death Count Average,92,99,100,101,101,103,103,108,122,134
Hudspeth,Death Count Average,10,12,12,12,12,12,12,12,13,14
Hunt,Death Count Average,116,144,161,167,173,179,181,197,248,290
Hutchinson,Death Count Average,61,69,70,71,71,72,72,73,81,87
Irion,Death Count Average,1,1,1,1,1,1,1,1,2,2
Jack,Death Count Average,13,14,16,16,16,16,16,17,19,20
Jackson,Death Count Average,25,30,31,31,31,31,31,35,46,50
Jasper,Death Count Average,60,79,85,90,92,93,95,107,135,153
Jeff Davis,Death Count Average,2,4,5,5,5,6,6,6,6,6
Jefferson,Death Count Average,309,364,406,429,438,443,449,506,630,695
Jim Hogg,Death Count Average,14,14,15,16,16,16,17,17,19,20
Jim Wells,Death Count Average,76,88,96,99,104,108,109,125,162,176
Johnson,Death Count Average,260,328,356,363,367,374,380,409,467,535
Jones,Death Count Average,40,50,54,55,55,55,56,59,66,72
Karnes,Death Count Average,27,32,36,36,37,37,37,44,54,56
Kaufman,Death Count Average,177,221,243,255,261,266,270,299,372,413
Kendall,Death Count Average,49,61,70,72,72,72,73,78,90,99
Kenedy,Death Count Average,2,2,2,2,2,2,2,2,2,2
Kent,Death Count Average,1,1,2,2,2,2,2,2,3,3
Kerr,Death Count Average,67,84,86,89,90,91,94,101,116,132
Kimble,Death Count Average,6,6,6,6,6,7,7,9,11,11
King,Death Count Average,0,0,0,0,0,0,0,0,0,0
Kinney,Death Count Average,4,6,6,6,6,6,6,7,8,9
Kleberg,Death Count Average,68,83,89,93,93,94,95,105,123,127
Knox,Death Count Average,14,17,18,18,18,18,18,19,20,21
La Salle,Death Count Average,23,27,29,29,29,30,30,32,37,40
Lamar,Death Count Average,121,145,153,155,156,157,159,166,184,204
Lamb,Death Count Average,78,82,82,83,83,83,83,85,87,89
Lampasas,Death Count Average,19,29,32,32,33,33,34,41,57,64
Lavaca,Death Count Average,63,71,74,76,76,76,76,79,91,96
Lee,Death Count Average,35,36,37,39,39,39,40,42,47,50
Leon,Death Count Average,31,38,42,43,43,43,43,47,58,67
Liberty,Death Count Average,128,160,173,180,188,198,206,237,307,344
Limestone,Death Count Average,44,63,72,75,79,80,81,87,102,110
Lipscomb,Death Count Average,11,12,12,12,12,12,12,12,12,12
Live Oak,Death Count Average,18,20,21,22,22,22,22,25,33,38
Llano,Death Count Average,34,46,49,51,51,53,54,58,66,73
Loving,Death Count Average,0,0,0,0,0,0,0,0,0,0
Lubbock,Death Count Average,683,761,778,784,791,797,801,829,919,994
Lynn,Death Count Average,17,22,23,23,23,24,24,25,26,27
Madison,Death Count Average,21,25,28,29,29,31,32,34,41,43
Marion,Death Count Average,23,28,33,33,33,33,33,35,44,49
Martin,Death Count Average,18,18,18,18,19,19,19,20,21,24
Mason,Death Count Average,4,5,6,6,6,6,6,6,7,7
Matagorda,Death Count Average,76,90,96,104,112,114,115,120,144,155
Maverick,Death Count Average,253,321,349,358,360,363,369,374,393,405
Mcculloch,Death Count Average,13,16,19,19,19,21,21,21,27,36
Mclennan,Death Count Average,366,438,464,472,477,481,491,529,638,717
Mcmullen,Death Count Average,3,4,5,5,5,5,5,5,7,8
Medina,Death Count Average,70,94,104,106,107,109,109,123,145,163
Menard,Death Count Average,5,8,9,9,9,9,9,9,10,11
Midland,Death Count Average,217,244,261,266,270,273,275,295,335,363
Milam,Death Count Average,26,39,45,47,49,49,52,58,71,82
Mills,Death Count Average,18,20,21,21,21,21,21,23,26,27
Mitchell,Death Count Average,24,29,30,30,31,31,31,32,35,39
Montague,Death Count Average,51,64,69,71,71,73,73,75,83,91
Montgomery,Death Count Average,363,463,515,554,584,601,615,694,912,1051
Moore,Death Count Average,65,69,72,72,73,73,74,77,81,85
Morris,Death Count Average,20,29,33,33,34,34,36,40,48,53
Motley,Death Count Average,7,8,8,8,8,8,8,8,8,9
Nacogdoches,Death Count Average,123,152,165,169,172,174,175,181,208,226
Navarro,Death Count Average,100,130,139,141,143,146,147,153,172,185
Newton,Death Count Average,25,35,36,36,38,39,39,43,48,51
Nolan,Death Count Average,41,50,51,51,51,52,53,55,65,77
Nueces,Death Count Average,572,641,679,699,712,725,736,816,994,1072
Ochiltree,Death Count Average,20,24,26,26,27,28,28,29,32,35
Oldham,Death Count Average,4,4,4,4,4,4,4,4,5,6
Orange,Death Count Average,92,113,135,146,150,153,156,179,249,284
Palo Pinto,Death Count Average,55,67,71,74,75,76,78,84,102,116
Panola,Death Count Average,51,66,74,74,75,76,77,85,101,107
Parker,Death Count Average,129,161,171,177,184,189,195,217,261,308
Parmer,Death Count Average,33,34,35,36,37,37,37,37,37,37
Pecos,Death Count Average,29,34,35,35,35,35,35,36,45,49
Polk,Death Count Average,82,97,107,112,117,120,122,136,175,202
Potter,Death Count Average,333,368,377,382,386,390,393,410,450,474
Presidio,Death Count Average,22,24,25,25,25,25,25,25,27,28
Rains,Death Count Average,21,23,25,25,25,27,28,30,37,43
Randall,Death Count Average,240,274,277,282,289,294,296,308,334,354
Reagan,Death Count Average,8,8,8,8,8,8,8,8,9,10
Real,Death Count Average,12,12,12,12,12,13,13,15,18,18
Red River,Death Count Average,32,35,37,37,37,38,38,40,46,50
Reeves,Death Count Average,37,41,42,44,45,46,47,50,52,53
Refugio,Death Count Average,17,18,21,21,22,23,23,24,29,31
Roberts,Death Count Average,1,1,1,1,1,1,1,1,1,1
Robertson,Death Count Average,28,37,41,43,44,47,47,50,60,63
Rockwall,Death Count Average,94,128,148,153,154,158,159,169,197,216
Runnels,Death Count Average,29,35,35,36,37,38,38,44,50,53
Rusk,Death Count Average,76,97,106,108,109,109,111,120,149,174
Sabine,Death Count Average,30,39,41,44,45,45,45,49,64,71
San Augustine,Death Count Average,28,29,31,32,32,32,32,32,34,36
San Jacinto,Death Count Average,23,27,33,36,38,39,39,43,63,76
San Patricio,Death Count Average,119,135,145,148,151,152,154,181,260,287
San Saba,Death Count Average,17,20,23,23,23,23,23,24,25,27
Schleicher,Death Count Average,6,6,6,6,6,6,6,7,8,9
Scurry,Death Count Average,50,60,62,62,62,62,62,66,78,82
Shackelford,Death Count Average,1,2,5,5,5,5,5,5,5,5
Shelby,Death Count Average,47,57,67,69,70,72,74,80,98,109
Sherman,Death Count Average,11,12,12,12,12,12,12,13,14,15
Smith,Death Count Average,347,417,449,469,482,490,494,529,659,776
Somervell,Death Count Average,9,12,14,14,14,14,14,16,20,21
Starr,Death Count Average,225,268,288,297,299,303,305,313,326,331
Stephens,Death Count Average,20,24,26,26,26,26,26,29,31,34
Sterling,Death Count Average,4,4,4,4,4,4,4,4,5,5
Stonewall,Death Count Average,4,6,6,6,6,6,6,6,6,6
Sutton,Death Count Average,6,8,8,8,8,8,8,8,11,11
Swisher,Death Count Average,14,16,17,17,17,18,18,19,22,22
Tarrant,Death Count Average,2105,2679,2921,3018,3077,3118,3168,3348,3765,4121
Taylor,Death Count Average,290,369,393,403,410,415,416,431,487,541
Terrell,Death Count Average,2,2,2,2,2,2,2,3,3,3
Terry,Death Count Average,51,57,57,58,58,58,58,59,64,66
Throckmorton,Death Count Average,5,5,5,5,5,5,5,5,5,6
Titus,Death Count Average,68,80,83,83,84,84,84,87,95,102
Tom Green,Death Count Average,219,254,265,269,270,272,275,297,348,380
Travis,Death Count Average,716,890,962,1000,1026,1041,1054,1142,1331,1423
Trinity,Death Count Average,17,23,25,26,27,30,31,36,50,59
Tyler,Death Count Average,25,37,40,40,45,45,46,53,64,70
Upshur,Death Count Average,47,64,71,75,76,77,78,87,116,139
Upton,Death Count Average,7,8,9,10,10,10,10,11,12,14
Uvalde,Death Count Average,50,65,71,73,74,74,74,84,97,108
Val Verde,Death Count Average,181,206,219,222,222,222,222,225,238,250
Van Zandt,Death Count Average,88,105,112,117,120,122,127,145,181,208
Victoria,Death Count Average,146,177,193,205,216,227,232,255,310,341
Walker,Death Count Average,101,116,124,127,131,132,134,141,164,179
Waller,Death Count Average,30,41,46,46,48,51,53,56,68,78
Ward,Death Count Average,17,21,22,24,24,24,24,25,26,29
Washington,Death Count Average,71,82,87,91,94,94,97,103,116,127
Webb,Death Count Average,598,740,778,789,796,801,810,832,872,896
Wharton,Death Count Average,91,105,114,116,118,118,121,129,158,180
Wheeler,Death Count Average,9,9,10,10,11,11,11,12,12,13
Wichita,Death Count Average,297,351,369,375,378,381,386,403,447,500
Wilbarger,Death Count Average,46,53,55,55,55,55,56,56,57,61
Willacy,Death Count Average,71,80,86,89,89,92,94,97,105,110
Williamson,Death Count Average,307,402,443,462,475,483,492,539,628,684
Wilson,Death Count Average,46,58,66,68,68,69,73,83,114,134
Winkler,Death Count Average,17,20,21,21,21,21,21,23,27,29
Wise,Death Count Average,94,112,119,121,122,126,129,141,172,194
Wood,Death Count Average,98,117,125,128,129,130,131,146,189,218
Yoakum,Death Count Average,24,26,27,27,27,28,28,29,30,32
Young,Death Count Average,35,41,44,45,45,45,45,46,56,65
Zapata,Death Count Average,24,32,36,36,36,36,36,40,43,45
Zavala,Death Count Average,31,37,41,42,42,42,42,47,52,54